{
  "inputUnits": [42],
  "outputUnits": 3,
  "inputs": {
    "0": {
      "dtype": "number",
      "min": -161.97686366137373,
      "max": 289.35794148874623
    },
    "1": {
      "dtype": "number",
      "min": -220.82313384797828,
      "max": 18.726892085804792
    },
    "2": {
      "dtype": "number",
      "min": -118.99496297386537,
      "max": 205.87123498473352
    },
    "3": {
      "dtype": "number",
      "min": -154.26755443476054,
      "max": 9.509485493856346
    },
    "4": {
      "dtype": "number",
      "min": -69.92076173421577,
      "max": 130.74603273074968
    },
    "5": {
      "dtype": "number",
      "min": -93.94350094809651,
      "max": 10.10719882798935
    },
    "6": {
      "dtype": "number",
      "min": -29.929061129036597,
      "max": 59.614895868375584
    },
    "7": {
      "dtype": "number",
      "min": -48.38198749635099,
      "max": 16.510972363023
    },
    "8": { "dtype": "number", "min": 0, "max": 0 },
    "9": { "dtype": "number", "min": 0, "max": 0 },
    "10": {
      "dtype": "number",
      "min": -80.49147482736447,
      "max": 195.5232333514313
    },
    "11": {
      "dtype": "number",
      "min": -84.16054122935216,
      "max": 141.57858889612416
    },
    "12": {
      "dtype": "number",
      "min": -60.058107851843204,
      "max": 144.00396979944458
    },
    "13": {
      "dtype": "number",
      "min": -87.7531730246175,
      "max": 198.07682899313147
    },
    "14": {
      "dtype": "number",
      "min": -102.42629349425158,
      "max": 112.96901667968035
    },
    "15": {
      "dtype": "number",
      "min": -101.28305505299224,
      "max": 226.0314913725033
    },
    "16": {
      "dtype": "number",
      "min": -141.19525478939175,
      "max": 138.72918188640932
    },
    "17": {
      "dtype": "number",
      "min": -113.06970731269311,
      "max": 243.76955274525181
    },
    "18": {
      "dtype": "number",
      "min": -105.8540427664484,
      "max": 233.51520103302047
    },
    "19": {
      "dtype": "number",
      "min": -135.87107899292735,
      "max": 150.11932696818656
    },
    "20": {
      "dtype": "number",
      "min": -86.10339325330222,
      "max": 130.96947095738562
    },
    "21": {
      "dtype": "number",
      "min": -131.200657027468,
      "max": 104.83488612407172
    },
    "22": {
      "dtype": "number",
      "min": -95.43507485384521,
      "max": 155.29419733615083
    },
    "23": {
      "dtype": "number",
      "min": -141.55254590576357,
      "max": 68.09354601321459
    },
    "24": {
      "dtype": "number",
      "min": -104.0543146454529,
      "max": 188.56295578961885
    },
    "25": {
      "dtype": "number",
      "min": -147.27762988682213,
      "max": 54.614792350876286
    },
    "26": {
      "dtype": "number",
      "min": -136.665879978789,
      "max": 261.7408534572619
    },
    "27": {
      "dtype": "number",
      "min": -189.74851531170705,
      "max": 128.22063765279722
    },
    "28": {
      "dtype": "number",
      "min": -118.52617439858625,
      "max": 154.58352427453525
    },
    "29": {
      "dtype": "number",
      "min": -179.0963184177622,
      "max": 99.54777086636872
    },
    "30": {
      "dtype": "number",
      "min": -121.5796905510947,
      "max": 181.59039965579905
    },
    "31": {
      "dtype": "number",
      "min": -187.3070045545209,
      "max": 63.85553365482258
    },
    "32": {
      "dtype": "number",
      "min": -124.11532076511423,
      "max": 212.70819463571385
    },
    "33": {
      "dtype": "number",
      "min": -190.05687208470383,
      "max": 63.60939504024199
    },
    "34": {
      "dtype": "number",
      "min": -156.10849861753547,
      "max": 279.3939514668309
    },
    "35": {
      "dtype": "number",
      "min": -237.77617371872034,
      "max": 111.90881803166421
    },
    "36": {
      "dtype": "number",
      "min": -146.87272087079782,
      "max": 185.3183063456529
    },
    "37": {
      "dtype": "number",
      "min": -228.65890599306644,
      "max": 111.27049897463934
    },
    "38": {
      "dtype": "number",
      "min": -143.8592145033433,
      "max": 197.86601153043625
    },
    "39": {
      "dtype": "number",
      "min": -228.09691672848285,
      "max": 82.7600854880763
    },
    "40": {
      "dtype": "number",
      "min": -143.60859088944136,
      "max": 223.80280572358015
    },
    "41": {
      "dtype": "number",
      "min": -228.70766620183738,
      "max": 77.75945365081282
    }
  },
  "outputs": {
    "0": {
      "dtype": "string",
      "min": 0,
      "max": 1,
      "uniqueValues": ["क", "ख", "ग"],
      "legend": { "क": [1, 0, 0], "ख": [0, 1, 0], "ग": [0, 0, 1] }
    }
  },
  "isNormalized": true
}
